country,iso2,visa_free_30_days,basis,valid_until,transit_240_hour,hainan_30_day,airside_transit_24_hour,page
Afghanistan,AF,no,,,no,no,yes,https://chinavisacheck.com/china-visa/afghanistan
Albania,AL,yes,mutual,,yes,yes,yes,https://chinavisacheck.com/china-visa/albania
Algeria,DZ,no,,,no,no,yes,https://chinavisacheck.com/china-visa/algeria
Andorra,AD,yes,unilateral,2026-12-31,no,no,yes,https://chinavisacheck.com/china-visa/andorra
Angola,AO,no,,,no,no,yes,https://chinavisacheck.com/china-visa/angola
Antigua and Barbuda,AG,yes,mutual,,no,no,yes,https://chinavisacheck.com/china-visa/antigua-and-barbuda
Argentina,AR,yes,unilateral,2026-12-31,yes,yes,yes,https://chinavisacheck.com/china-visa/argentina
Armenia,AM,yes,mutual,,no,no,yes,https://chinavisacheck.com/china-visa/armenia
Australia,AU,yes,unilateral,2026-12-31,yes,yes,yes,https://chinavisacheck.com/china-visa/australia
Austria,AT,yes,unilateral,2026-12-31,yes,yes,yes,https://chinavisacheck.com/china-visa/austria
Azerbaijan,AZ,yes,mutual,,no,no,yes,https://chinavisacheck.com/china-visa/azerbaijan
Bahamas,BS,yes,mutual,,no,no,yes,https://chinavisacheck.com/china-visa/bahamas
Bahrain,BH,yes,unilateral,2026-12-31,no,no,yes,https://chinavisacheck.com/china-visa/bahrain
Bangladesh,BD,no,,,no,no,yes,https://chinavisacheck.com/china-visa/bangladesh
Barbados,BB,yes,mutual,,no,no,yes,https://chinavisacheck.com/china-visa/barbados
Belarus,BY,yes,mutual,,yes,yes,yes,https://chinavisacheck.com/china-visa/belarus
Belgium,BE,yes,unilateral,2026-12-31,yes,yes,yes,https://chinavisacheck.com/china-visa/belgium
Belize,BZ,no,,,no,no,yes,https://chinavisacheck.com/china-visa/belize
Benin,BJ,no,,,no,no,yes,https://chinavisacheck.com/china-visa/benin
Bhutan,BT,no,,,no,no,yes,https://chinavisacheck.com/china-visa/bhutan
Bolivia,BO,no,,,no,no,yes,https://chinavisacheck.com/china-visa/bolivia
Bosnia and Herzegovina,BA,yes,mutual,,yes,yes,yes,https://chinavisacheck.com/china-visa/bosnia-and-herzegovina
Botswana,BW,no,,,no,no,yes,https://chinavisacheck.com/china-visa/botswana
Brazil,BR,yes,unilateral,2026-12-31,yes,yes,yes,https://chinavisacheck.com/china-visa/brazil
Brunei,BN,yes,unilateral,no end date,yes,yes,yes,https://chinavisacheck.com/china-visa/brunei
Bulgaria,BG,yes,unilateral,2026-12-31,yes,yes,yes,https://chinavisacheck.com/china-visa/bulgaria
Burkina Faso,BF,no,,,no,no,yes,https://chinavisacheck.com/china-visa/burkina-faso
Burundi,BI,no,,,no,no,yes,https://chinavisacheck.com/china-visa/burundi
Cambodia,KH,no,,,no,no,yes,https://chinavisacheck.com/china-visa/cambodia
Cameroon,CM,no,,,no,no,yes,https://chinavisacheck.com/china-visa/cameroon
Canada,CA,yes,unilateral,2026-12-31,yes,yes,yes,https://chinavisacheck.com/china-visa/canada
Cape Verde,CV,no,,,no,no,yes,https://chinavisacheck.com/china-visa/cape-verde
Central African Republic,CF,no,,,no,no,yes,https://chinavisacheck.com/china-visa/central-african-republic
Chad,TD,no,,,no,no,yes,https://chinavisacheck.com/china-visa/chad
Chile,CL,yes,unilateral,2026-12-31,yes,yes,yes,https://chinavisacheck.com/china-visa/chile
Colombia,CO,no,,,no,no,yes,https://chinavisacheck.com/china-visa/colombia
Comoros,KM,no,,,no,no,yes,https://chinavisacheck.com/china-visa/comoros
Congo,CG,no,,,no,no,yes,https://chinavisacheck.com/china-visa/congo
Costa Rica,CR,no,,,no,no,yes,https://chinavisacheck.com/china-visa/costa-rica
Cote d'Ivoire,CI,no,,,no,no,yes,https://chinavisacheck.com/china-visa/cote-d-ivoire
Croatia,HR,yes,unilateral,2026-12-31,yes,yes,yes,https://chinavisacheck.com/china-visa/croatia
Cuba,CU,no,,,no,no,yes,https://chinavisacheck.com/china-visa/cuba
Cyprus,CY,yes,unilateral,2026-12-31,yes,yes,yes,https://chinavisacheck.com/china-visa/cyprus
Czech Republic,CZ,no,,,yes,yes,yes,https://chinavisacheck.com/china-visa/czech-republic
DR Congo,CD,no,,,no,no,yes,https://chinavisacheck.com/china-visa/dr-congo
Denmark,DK,yes,unilateral,2026-12-31,yes,yes,yes,https://chinavisacheck.com/china-visa/denmark
Djibouti,DJ,no,,,no,no,yes,https://chinavisacheck.com/china-visa/djibouti
Dominica,DM,yes,mutual,,no,no,yes,https://chinavisacheck.com/china-visa/dominica
Dominican Republic,DO,no,,,no,no,yes,https://chinavisacheck.com/china-visa/dominican-republic
Ecuador,EC,yes,mutual,,no,no,yes,https://chinavisacheck.com/china-visa/ecuador
Egypt,EG,no,,,no,no,yes,https://chinavisacheck.com/china-visa/egypt
El Salvador,SV,no,,,no,no,yes,https://chinavisacheck.com/china-visa/el-salvador
Equatorial Guinea,GQ,no,,,no,no,yes,https://chinavisacheck.com/china-visa/equatorial-guinea
Eritrea,ER,no,,,no,no,yes,https://chinavisacheck.com/china-visa/eritrea
Estonia,EE,yes,unilateral,2026-12-31,yes,yes,yes,https://chinavisacheck.com/china-visa/estonia
Eswatini,SZ,no,,,no,no,yes,https://chinavisacheck.com/china-visa/eswatini
Ethiopia,ET,no,,,no,no,yes,https://chinavisacheck.com/china-visa/ethiopia
Fiji,FJ,yes,mutual,,no,no,yes,https://chinavisacheck.com/china-visa/fiji
Finland,FI,yes,unilateral,2026-12-31,yes,yes,yes,https://chinavisacheck.com/china-visa/finland
France,FR,yes,unilateral,2026-12-31,yes,yes,yes,https://chinavisacheck.com/china-visa/france
Gabon,GA,no,,,no,no,yes,https://chinavisacheck.com/china-visa/gabon
Gambia,GM,no,,,no,no,yes,https://chinavisacheck.com/china-visa/gambia
Georgia,GE,yes,mutual,,no,no,yes,https://chinavisacheck.com/china-visa/georgia
Germany,DE,yes,unilateral,2026-12-31,yes,yes,yes,https://chinavisacheck.com/china-visa/germany
Ghana,GH,no,,,no,no,yes,https://chinavisacheck.com/china-visa/ghana
Greece,GR,yes,unilateral,2026-12-31,yes,yes,yes,https://chinavisacheck.com/china-visa/greece
Grenada,GD,yes,mutual,,no,no,yes,https://chinavisacheck.com/china-visa/grenada
Guatemala,GT,no,,,no,no,yes,https://chinavisacheck.com/china-visa/guatemala
Guinea,GN,no,,,no,no,yes,https://chinavisacheck.com/china-visa/guinea
Guinea-Bissau,GW,no,,,no,no,yes,https://chinavisacheck.com/china-visa/guinea-bissau
Guyana,GY,no,,,no,no,yes,https://chinavisacheck.com/china-visa/guyana
Haiti,HT,no,,,no,no,yes,https://chinavisacheck.com/china-visa/haiti
Honduras,HN,no,,,no,no,yes,https://chinavisacheck.com/china-visa/honduras
Hungary,HU,yes,unilateral,2026-12-31,yes,yes,yes,https://chinavisacheck.com/china-visa/hungary
Iceland,IS,yes,unilateral,2026-12-31,yes,yes,yes,https://chinavisacheck.com/china-visa/iceland
India,IN,no,,,no,no,yes,https://chinavisacheck.com/china-visa/india
Indonesia,ID,no,,,yes,yes,yes,https://chinavisacheck.com/china-visa/indonesia
Iran,IR,no,,,no,no,yes,https://chinavisacheck.com/china-visa/iran
Iraq,IQ,no,,,no,no,yes,https://chinavisacheck.com/china-visa/iraq
Ireland,IE,yes,unilateral,2026-12-31,yes,yes,yes,https://chinavisacheck.com/china-visa/ireland
Israel,IL,no,,,no,no,yes,https://chinavisacheck.com/china-visa/israel
Italy,IT,yes,unilateral,2026-12-31,yes,yes,yes,https://chinavisacheck.com/china-visa/italy
Jamaica,JM,no,,,no,no,yes,https://chinavisacheck.com/china-visa/jamaica
Japan,JP,yes,unilateral,2026-12-31,yes,yes,yes,https://chinavisacheck.com/china-visa/japan
Jordan,JO,no,,,no,no,yes,https://chinavisacheck.com/china-visa/jordan
Kazakhstan,KZ,yes,mutual,,no,yes,yes,https://chinavisacheck.com/china-visa/kazakhstan
Kenya,KE,no,,,no,no,yes,https://chinavisacheck.com/china-visa/kenya
Kiribati,KI,no,,,no,no,yes,https://chinavisacheck.com/china-visa/kiribati
Kuwait,KW,yes,unilateral,2026-12-31,no,no,yes,https://chinavisacheck.com/china-visa/kuwait
Kyrgyzstan,KG,no,,,yes,yes,yes,https://chinavisacheck.com/china-visa/kyrgyzstan
Laos,LA,no,,,no,no,yes,https://chinavisacheck.com/china-visa/laos
Latvia,LV,yes,unilateral,2026-12-31,yes,yes,yes,https://chinavisacheck.com/china-visa/latvia
Lebanon,LB,no,,,no,no,yes,https://chinavisacheck.com/china-visa/lebanon
Lesotho,LS,no,,,no,no,yes,https://chinavisacheck.com/china-visa/lesotho
Liberia,LR,no,,,no,no,yes,https://chinavisacheck.com/china-visa/liberia
Libya,LY,no,,,no,no,yes,https://chinavisacheck.com/china-visa/libya
Liechtenstein,LI,yes,unilateral,2026-12-31,no,no,yes,https://chinavisacheck.com/china-visa/liechtenstein
Lithuania,LT,no,,,yes,yes,yes,https://chinavisacheck.com/china-visa/lithuania
Luxembourg,LU,yes,unilateral,2026-12-31,yes,yes,yes,https://chinavisacheck.com/china-visa/luxembourg
Madagascar,MG,no,,,no,no,yes,https://chinavisacheck.com/china-visa/madagascar
Malawi,MW,no,,,no,no,yes,https://chinavisacheck.com/china-visa/malawi
Malaysia,MY,yes,mutual,,no,yes,yes,https://chinavisacheck.com/china-visa/malaysia
Maldives,MV,yes,mutual,,no,no,yes,https://chinavisacheck.com/china-visa/maldives
Mali,ML,no,,,no,no,yes,https://chinavisacheck.com/china-visa/mali
Malta,MT,yes,unilateral,2026-12-31,yes,yes,yes,https://chinavisacheck.com/china-visa/malta
Marshall Islands,MH,no,,,no,no,yes,https://chinavisacheck.com/china-visa/marshall-islands
Mauritania,MR,no,,,no,no,yes,https://chinavisacheck.com/china-visa/mauritania
Mauritius,MU,yes,mutual,,no,no,yes,https://chinavisacheck.com/china-visa/mauritius
Mexico,MX,no,,,yes,yes,yes,https://chinavisacheck.com/china-visa/mexico
Micronesia,FM,no,,,no,no,yes,https://chinavisacheck.com/china-visa/micronesia
Moldova,MD,no,,,no,no,yes,https://chinavisacheck.com/china-visa/moldova
Monaco,MC,yes,unilateral,2026-12-31,yes,yes,yes,https://chinavisacheck.com/china-visa/monaco
Mongolia,MN,no,,,no,no,yes,https://chinavisacheck.com/china-visa/mongolia
Montenegro,ME,yes,unilateral,2026-12-31,yes,yes,yes,https://chinavisacheck.com/china-visa/montenegro
Morocco,MA,no,,,no,no,yes,https://chinavisacheck.com/china-visa/morocco
Mozambique,MZ,no,,,no,no,yes,https://chinavisacheck.com/china-visa/mozambique
Myanmar,MM,no,,,no,no,yes,https://chinavisacheck.com/china-visa/myanmar
Namibia,NA,no,,,no,no,yes,https://chinavisacheck.com/china-visa/namibia
Nauru,NR,no,,,no,no,yes,https://chinavisacheck.com/china-visa/nauru
Nepal,NP,no,,,no,no,yes,https://chinavisacheck.com/china-visa/nepal
Netherlands,NL,yes,unilateral,2026-12-31,yes,yes,yes,https://chinavisacheck.com/china-visa/netherlands
New Zealand,NZ,yes,unilateral,2026-12-31,yes,yes,yes,https://chinavisacheck.com/china-visa/new-zealand
Nicaragua,NI,no,,,no,no,yes,https://chinavisacheck.com/china-visa/nicaragua
Niger,NE,no,,,no,no,yes,https://chinavisacheck.com/china-visa/niger
Nigeria,NG,no,,,no,no,yes,https://chinavisacheck.com/china-visa/nigeria
North Korea,KP,no,,,no,no,yes,https://chinavisacheck.com/china-visa/north-korea
North Macedonia,MK,yes,unilateral,2026-12-31,yes,yes,yes,https://chinavisacheck.com/china-visa/north-macedonia
Norway,NO,yes,unilateral,2026-12-31,yes,yes,yes,https://chinavisacheck.com/china-visa/norway
Oman,OM,yes,unilateral,2026-12-31,no,no,yes,https://chinavisacheck.com/china-visa/oman
Pakistan,PK,no,,,no,no,yes,https://chinavisacheck.com/china-visa/pakistan
Palau,PW,no,,,no,no,yes,https://chinavisacheck.com/china-visa/palau
Palestine,PS,no,,,no,no,yes,https://chinavisacheck.com/china-visa/palestine
Panama,PA,no,,,no,no,yes,https://chinavisacheck.com/china-visa/panama
Papua New Guinea,PG,no,,,no,no,yes,https://chinavisacheck.com/china-visa/papua-new-guinea
Paraguay,PY,no,,,no,no,yes,https://chinavisacheck.com/china-visa/paraguay
Peru,PE,yes,unilateral,2026-12-31,no,no,yes,https://chinavisacheck.com/china-visa/peru
Philippines,PH,no,,,no,yes,yes,https://chinavisacheck.com/china-visa/philippines
Poland,PL,yes,unilateral,2026-12-31,yes,yes,yes,https://chinavisacheck.com/china-visa/poland
Portugal,PT,yes,unilateral,2026-12-31,yes,yes,yes,https://chinavisacheck.com/china-visa/portugal
Qatar,QA,yes,mutual,,yes,yes,yes,https://chinavisacheck.com/china-visa/qatar
Romania,RO,yes,unilateral,2026-12-31,yes,yes,yes,https://chinavisacheck.com/china-visa/romania
Russia,RU,yes,unilateral,2027-12-31,yes,yes,yes,https://chinavisacheck.com/china-visa/russia
Rwanda,RW,no,,,no,no,yes,https://chinavisacheck.com/china-visa/rwanda
Saint Kitts and Nevis,KN,no,,,no,no,yes,https://chinavisacheck.com/china-visa/saint-kitts-and-nevis
Saint Lucia,LC,no,,,no,no,yes,https://chinavisacheck.com/china-visa/saint-lucia
Saint Vincent and the Grenadines,VC,no,,,no,no,yes,https://chinavisacheck.com/china-visa/saint-vincent-and-the-grenadines
Samoa,WS,yes,mutual,,no,no,yes,https://chinavisacheck.com/china-visa/samoa
San Marino,SM,yes,mutual,,no,no,yes,https://chinavisacheck.com/china-visa/san-marino
Sao Tome and Principe,ST,no,,,no,no,yes,https://chinavisacheck.com/china-visa/sao-tome-and-principe
Saudi Arabia,SA,yes,unilateral,2026-12-31,no,no,yes,https://chinavisacheck.com/china-visa/saudi-arabia
Senegal,SN,no,,,no,no,yes,https://chinavisacheck.com/china-visa/senegal
Serbia,RS,yes,mutual,,yes,yes,yes,https://chinavisacheck.com/china-visa/serbia
Seychelles,SC,yes,mutual,,no,no,yes,https://chinavisacheck.com/china-visa/seychelles
Sierra Leone,SL,no,,,no,no,yes,https://chinavisacheck.com/china-visa/sierra-leone
Singapore,SG,yes,mutual,,yes,yes,yes,https://chinavisacheck.com/china-visa/singapore
Slovakia,SK,yes,unilateral,2026-12-31,yes,yes,yes,https://chinavisacheck.com/china-visa/slovakia
Slovenia,SI,yes,unilateral,2026-12-31,yes,yes,yes,https://chinavisacheck.com/china-visa/slovenia
Solomon Islands,SB,yes,mutual,,no,no,yes,https://chinavisacheck.com/china-visa/solomon-islands
Somalia,SO,no,,,no,no,yes,https://chinavisacheck.com/china-visa/somalia
South Africa,ZA,no,,,no,no,yes,https://chinavisacheck.com/china-visa/south-africa
South Korea,KR,yes,unilateral,2026-12-31,yes,yes,yes,https://chinavisacheck.com/china-visa/south-korea
South Sudan,SS,no,,,no,no,yes,https://chinavisacheck.com/china-visa/south-sudan
Spain,ES,yes,unilateral,2026-12-31,yes,yes,yes,https://chinavisacheck.com/china-visa/spain
Sri Lanka,LK,no,,,no,no,yes,https://chinavisacheck.com/china-visa/sri-lanka
Sudan,SD,no,,,no,no,yes,https://chinavisacheck.com/china-visa/sudan
Suriname,SR,yes,mutual,,no,no,yes,https://chinavisacheck.com/china-visa/suriname
Sweden,SE,yes,unilateral,2026-12-31,yes,yes,yes,https://chinavisacheck.com/china-visa/sweden
Switzerland,CH,yes,unilateral,2026-12-31,yes,yes,yes,https://chinavisacheck.com/china-visa/switzerland
Syria,SY,no,,,no,no,yes,https://chinavisacheck.com/china-visa/syria
Tajikistan,TJ,no,,,no,no,yes,https://chinavisacheck.com/china-visa/tajikistan
Tanzania,TZ,no,,,no,no,yes,https://chinavisacheck.com/china-visa/tanzania
Thailand,TH,yes,mutual,,no,yes,yes,https://chinavisacheck.com/china-visa/thailand
Timor-Leste,TL,no,,,no,no,yes,https://chinavisacheck.com/china-visa/timor-leste
Togo,TG,no,,,no,no,yes,https://chinavisacheck.com/china-visa/togo
Tonga,TO,yes,mutual,,no,no,yes,https://chinavisacheck.com/china-visa/tonga
Trinidad and Tobago,TT,no,,,no,no,yes,https://chinavisacheck.com/china-visa/trinidad-and-tobago
Tunisia,TN,no,,,no,no,yes,https://chinavisacheck.com/china-visa/tunisia
Turkey,TR,no,,,no,no,yes,https://chinavisacheck.com/china-visa/turkey
Turkmenistan,TM,no,,,no,no,yes,https://chinavisacheck.com/china-visa/turkmenistan
Tuvalu,TV,no,,,no,no,yes,https://chinavisacheck.com/china-visa/tuvalu
Uganda,UG,no,,,no,no,yes,https://chinavisacheck.com/china-visa/uganda
Ukraine,UA,no,,,yes,yes,yes,https://chinavisacheck.com/china-visa/ukraine
United Arab Emirates,AE,yes,mutual,,yes,yes,yes,https://chinavisacheck.com/china-visa/united-arab-emirates
United Kingdom,GB,yes,unilateral,2026-12-31,yes,yes,yes,https://chinavisacheck.com/china-visa/united-kingdom
United States,US,no,,,yes,yes,yes,https://chinavisacheck.com/china-visa/united-states
Uruguay,UY,yes,unilateral,2026-12-31,no,no,yes,https://chinavisacheck.com/china-visa/uruguay
Uzbekistan,UZ,yes,mutual,,no,no,yes,https://chinavisacheck.com/china-visa/uzbekistan
Vanuatu,VU,no,,,no,no,yes,https://chinavisacheck.com/china-visa/vanuatu
Vatican City,VA,no,,,no,no,yes,https://chinavisacheck.com/china-visa/vatican-city
Venezuela,VE,no,,,no,no,yes,https://chinavisacheck.com/china-visa/venezuela
Vietnam,VN,no,,,yes,yes,yes,https://chinavisacheck.com/china-visa/vietnam
Yemen,YE,no,,,no,no,yes,https://chinavisacheck.com/china-visa/yemen
Zambia,ZM,no,,,no,no,yes,https://chinavisacheck.com/china-visa/zambia
Zimbabwe,ZW,no,,,no,no,yes,https://chinavisacheck.com/china-visa/zimbabwe
